NC_061114.1_207830375_207836264_C_CA_18	468	NC_061114.1_207830375_207836264_C_CA_18	9.500768	5.579511	3.921257	cgggaataagtctaagcgaaaagaa	gttaaccaccagcgtacct	4790,25	5389,19	59.420	57.079	40.000	52.632	0.00	0.00	0.00	0.00	0.00	0.00	2.5200	3.0800	0.00	0.00	600	77.8
NC_061113.1_111986687_111992557_C_CA_19	468	NC_061113.1_111986687_111992557_C_CA_19	9.500768	5.579511	3.921257	cgggaataagtctaagcgaaaagaa	gttaaccaccagcgtacct	4764,25	5363,19	59.420	57.079	40.000	52.632	0.00	0.00	0.00	0.00	0.00	0.00	2.5200	3.0800	0.00	0.00	600	77.8
NC_061121.1_99600780_99606767_+_CA_71	460	NC_061121.1_99600780_99606767_+_CA_71	7.719459	3.798202	3.921257	gtggggtaaaaatgcaacaaca	gttaaccaccagcgtacct	4904,22	5424,19	58.202	57.079	40.909	52.632	0.00	0.00	0.00	0.00	0.00	0.00	3.3300	3.0800	0.00	0.00	521	78.2
NW_025885906.1_1_5252_C_CA_38	452	NW_025885906.1_1_5252_C_CA_38	11.168704	5.579511	5.589192	cgggaataagtctaagcgaaaagaa	agcgtacctgtgtattatctgttc	4355,25	4949,24	59.420	58.411	40.000	41.667	0.00	0.00	0.00	0.00	0.00	0.00	2.5200	3.1800	0.00	0.00	595	77.6
NW_025885906.1_1_5252_C_CA_45	452	NW_025885906.1_1_5252_C_CA_45	11.464532	5.579511	5.885020	cgggaataagtctaagcgaaaagaa	gcgtacctgtgtattatctgttc	4355,25	4948,23	59.420	57.115	40.000	43.478	0.00	0.00	0.00	0.00	0.00	0.00	2.5200	3.1800	0.00	0.00	594	77.6
NW_025837647.1_106_4366_+_CA_56	452	NW_025837647.1_106_4366_+_CA_56	11.168704	5.579511	5.589192	cgggaataagtctaagcgaaaagaa	agcgtacctgtgtattatctgttc	3550,25	4143,24	59.420	58.411	40.000	41.667	0.00	0.00	0.00	0.00	0.00	0.00	2.5200	3.1800	0.00	0.00	594	77.9
NW_025837647.1_106_4366_+_CA_64	452	NW_025837647.1_106_4366_+_CA_64	11.464532	5.579511	5.885020	cgggaataagtctaagcgaaaagaa	gcgtacctgtgtattatctgttc	3550,25	4142,23	59.420	57.115	40.000	43.478	0.00	0.00	0.00	0.00	0.00	0.00	2.5200	3.1800	0.00	0.00	593	77.9
NC_061113.1_111986687_111992557_C_CA_69	452	NC_061113.1_111986687_111992557_C_CA_69	11.168704	5.579511	5.589192	cgggaataagtctaagcgaaaagaa	agcgtacctgtgtattatctgttc	4764,25	5353,24	59.420	58.411	40.000	41.667	0.00	0.00	0.00	0.00	0.00	0.00	2.5200	3.1800	0.00	0.00	590	77.6
NC_061113.1_111986687_111992557_C_CA_80	452	NC_061113.1_111986687_111992557_C_CA_80	11.464532	5.579511	5.885020	cgggaataagtctaagcgaaaagaa	gcgtacctgtgtattatctgttc	4764,25	5352,23	59.420	57.115	40.000	43.478	0.00	0.00	0.00	0.00	0.00	0.00	2.5200	3.1800	0.00	0.00	589	77.6
CM008439.1_7236590_7238001_+_CC_39	452	CM008439.1_7236590_7238001_+_CC_39	11.168704	5.579511	5.589192	cgggaataagtctaagcgaaaagaa	agcgtacctgtgtattatctgttc	405,25	998,24	59.420	58.411	40.000	41.667	0.00	0.00	0.00	0.00	0.00	0.00	2.5200	3.1800	0.00	0.00	594	77.7
CM008439.1_7236590_7238001_+_CC_46	452	CM008439.1_7236590_7238001_+_CC_46	11.464532	5.579511	5.885020	cgggaataagtctaagcgaaaagaa	gcgtacctgtgtattatctgttc	405,25	997,23	59.420	57.115	40.000	43.478	0.00	0.00	0.00	0.00	0.00	0.00	2.5200	3.1800	0.00	0.00	593	77.7
CM008439.1_75733067_75738733_C_CC_53	452	CM008439.1_75733067_75738733_C_CC_53	11.168704	5.579511	5.589192	cgggaataagtctaagcgaaaagaa	agcgtacctgtgtattatctgttc	4774,25	5367,24	59.420	58.411	40.000	41.667	0.00	0.00	0.00	0.00	0.00	0.00	2.5200	3.1800	0.00	0.00	594	77.5
CM008439.1_75733067_75738733_C_CC_60	452	CM008439.1_75733067_75738733_C_CC_60	11.464532	5.579511	5.885020	cgggaataagtctaagcgaaaagaa	gcgtacctgtgtattatctgttc	4774,25	5366,23	59.420	57.115	40.000	43.478	0.00	0.00	0.00	0.00	0.00	0.00	2.5200	3.1800	0.00	0.00	593	77.5
CM008439.1_240565818_240569848_+_CC_71	452	CM008439.1_240565818_240569848_+_CC_71	11.168704	5.579511	5.589192	cgggaataagtctaagcgaaaagaa	agcgtacctgtgtattatctgttc	2903,25	3496,24	59.420	58.411	40.000	41.667	0.00	0.00	0.00	0.00	0.00	0.00	2.5200	3.1800	0.00	0.00	594	77.6
CM008439.1_240565818_240569848_+_CC_81	452	CM008439.1_240565818_240569848_+_CC_81	11.464532	5.579511	5.885020	cgggaataagtctaagcgaaaagaa	gcgtacctgtgtattatctgttc	2903,25	3495,23	59.420	57.115	40.000	43.478	0.00	0.00	0.00	0.00	0.00	0.00	2.5200	3.1800	0.00	0.00	593	77.6
CM008433.1_28748552_28750140_C_CC_39	452	CM008433.1_28748552_28750140_C_CC_39	11.168704	5.579511	5.589192	cgggaataagtctaagcgaaaagaa	agcgtacctgtgtattatctgttc	952,25	1545,24	59.420	58.411	40.000	41.667	0.00	0.00	0.00	0.00	0.00	0.00	2.5200	3.1800	0.00	0.00	594	77.6
CM008433.1_28748552_28750140_C_CC_46	452	CM008433.1_28748552_28750140_C_CC_46	11.464532	5.579511	5.885020	cgggaataagtctaagcgaaaagaa	gcgtacctgtgtattatctgttc	952,25	1544,23	59.420	57.115	40.000	43.478	0.00	0.00	0.00	0.00	0.00	0.00	2.5200	3.1800	0.00	0.00	593	77.6
CM008442.1_51934855_51936033_C_CC_39	452	CM008442.1_51934855_51936033_C_CC_39	11.168704	5.579511	5.589192	cgggaataagtctaagcgaaaagaa	agcgtacctgtgtattatctgttc	458,25	1051,24	59.420	58.411	40.000	41.667	0.00	0.00	0.00	0.00	0.00	0.00	2.5200	3.1800	0.00	0.00	594	77.7
CM008442.1_51934855_51936033_C_CC_46	452	CM008442.1_51934855_51936033_C_CC_46	11.464532	5.579511	5.885020	cgggaataagtctaagcgaaaagaa	gcgtacctgtgtattatctgttc	458,25	1050,23	59.420	57.115	40.000	43.478	0.00	0.00	0.00	0.00	0.00	0.00	2.5200	3.1800	0.00	0.00	593	77.7
CM008431.1_34380363_34381516_+_CC_39	452	CM008431.1_34380363_34381516_+_CC_39	11.168704	5.579511	5.589192	cgggaataagtctaagcgaaaagaa	agcgtacctgtgtattatctgttc	291,25	883,24	59.420	58.411	40.000	41.667	0.00	0.00	0.00	0.00	0.00	0.00	2.5200	3.1800	0.00	0.00	593	77.9
CM008431.1_34380363_34381516_+_CC_46	452	CM008431.1_34380363_34381516_+_CC_46	11.464532	5.579511	5.885020	cgggaataagtctaagcgaaaagaa	gcgtacctgtgtattatctgttc	291,25	882,23	59.420	57.115	40.000	43.478	0.00	0.00	0.00	0.00	0.00	0.00	2.5200	3.1800	0.00	0.00	592	77.9
MCIT02031253.1_1_1038_C_CC_39	452	MCIT02031253.1_1_1038_C_CC_39	11.168704	5.579511	5.589192	cgggaataagtctaagcgaaaagaa	agcgtacctgtgtattatctgttc	450,25	1037,24	59.420	58.411	40.000	41.667	0.00	0.00	0.00	0.00	0.00	0.00	2.5200	3.1800	0.00	0.00	588	77.8
MCIT02031253.1_1_1038_C_CC_46	452	MCIT02031253.1_1_1038_C_CC_46	11.464532	5.579511	5.885020	cgggaataagtctaagcgaaaagaa	gcgtacctgtgtattatctgttc	450,25	1036,23	59.420	57.115	40.000	43.478	0.00	0.00	0.00	0.00	0.00	0.00	2.5200	3.1800	0.00	0.00	587	77.8
NW_025885906.1_1_5252_C_CA_7	447	NW_025885906.1_1_5252_C_CA_7	10.019615	5.579511	4.440103	cgggaataagtctaagcgaaaagaa	gcgtacctgtgtattatctgttcg	4355,25	4948,24	59.420	59.560	40.000	45.833	0.00	0.00	0.00	0.00	0.00	0.00	2.5200	3.9500	0.00	0.00	594	77.6
NW_025885906.1_1_5252_C_CA_40	447	NW_025885906.1_1_5252_C_CA_40	11.312040	5.579511	5.732528	cgggaataagtctaagcgaaaagaa	agcgtacctgtgtattatctgttcg	4355,25	4949,25	59.420	60.733	40.000	44.000	0.00	0.00	0.00	0.00	0.00	0.00	2.5200	3.9500	0.00	0.00	595	77.6
CM008442.1_51934855_51936033_C_CC_7	447	CM008442.1_51934855_51936033_C_CC_7	10.019615	5.579511	4.440103	cgggaataagtctaagcgaaaagaa	gcgtacctgtgtattatctgttcg	458,25	1050,24	59.420	59.560	40.000	45.833	0.00	0.00	0.00	0.00	0.00	0.00	2.5200	3.9500	0.00	0.00	593	77.7
NC_061119.1_172843574_172845692_C_CA_82	447	NC_061119.1_172843574_172845692_C_CA_82	10.019615	5.579511	4.440103	cgggaataagtctaagcgaaaagaa	gcgtacctgtgtattatctgttcg	955,25	1546,24	59.420	59.560	40.000	45.833	0.00	0.00	0.00	0.00	0.00	0.00	2.5200	3.9500	0.00	0.00	592	77.6
NC_061119.1_183231324_183237211_C_CA_46	447	NC_061119.1_183231324_183237211_C_CA_46	10.019615	5.579511	4.440103	cgggaataagtctaagcgaaaagaa	gcgtacctgtgtattatctgttcg	4721,25	5313,24	59.420	59.560	40.000	45.833	0.00	0.00	0.00	0.00	0.00	0.00	2.5200	3.9500	0.00	0.00	593	77.9
NC_061113.1_111986687_111992557_C_CA_24	447	NC_061113.1_111986687_111992557_C_CA_24	10.019615	5.579511	4.440103	cgggaataagtctaagcgaaaagaa	gcgtacctgtgtattatctgttcg	4764,25	5352,24	59.420	59.560	40.000	45.833	0.00	0.00	0.00	0.00	0.00	0.00	2.5200	3.9500	0.00	0.00	589	77.6
NC_061113.1_111986687_111992557_C_CA_72	447	NC_061113.1_111986687_111992557_C_CA_72	11.312040	5.579511	5.732528	cgggaataagtctaagcgaaaagaa	agcgtacctgtgtattatctgttcg	4764,25	5353,25	59.420	60.733	40.000	44.000	0.00	0.00	0.00	0.00	0.00	0.00	2.5200	3.9500	0.00	0.00	590	77.6
NW_025887009.1_21180_26545_C_CA_76	447	NW_025887009.1_21180_26545_C_CA_76	10.019615	5.579511	4.440103	cgggaataagtctaagcgaaaagaa	gcgtacctgtgtattatctgttcg	4430,25	5021,24	59.420	59.560	40.000	45.833	0.00	0.00	0.00	0.00	0.00	0.00	2.5200	3.9500	0.00	0.00	592	78.2
CM008451.1_17374217_17375784_+_CB_95	447	CM008451.1_17374217_17375784_+_CB_95	10.019615	5.579511	4.440103	cgggaataagtctaagcgaaaagaa	gcgtacctgtgtattatctgttcg	413,25	1005,24	59.420	59.560	40.000	45.833	0.00	0.00	0.00	0.00	0.00	0.00	2.5200	3.9500	0.00	0.00	593	78.0
CM008439.1_7236590_7238001_+_CC_7	447	CM008439.1_7236590_7238001_+_CC_7	10.019615	5.579511	4.440103	cgggaataagtctaagcgaaaagaa	gcgtacctgtgtattatctgttcg	405,25	997,24	59.420	59.560	40.000	45.833	0.00	0.00	0.00	0.00	0.00	0.00	2.5200	3.9500	0.00	0.00	593	77.7
CM008439.1_7236590_7238001_+_CC_41	447	CM008439.1_7236590_7238001_+_CC_41	11.312040	5.579511	5.732528	cgggaataagtctaagcgaaaagaa	agcgtacctgtgtattatctgttcg	405,25	998,25	59.420	60.733	40.000	44.000	0.00	0.00	0.00	0.00	0.00	0.00	2.5200	3.9500	0.00	0.00	594	77.7
CM008439.1_55287657_55293402_+_CC_95	447	CM008439.1_55287657_55293402_+_CC_95	10.019615	5.579511	4.440103	cgggaataagtctaagcgaaaagaa	gcgtacctgtgtattatctgttcg	4816,25	5408,24	59.420	59.560	40.000	45.833	0.00	0.00	0.00	0.00	0.00	0.00	2.5200	3.9500	0.00	0.00	593	77.9
CM008439.1_75733067_75738733_C_CC_16	447	CM008439.1_75733067_75738733_C_CC_16	10.019615	5.579511	4.440103	cgggaataagtctaagcgaaaagaa	gcgtacctgtgtattatctgttcg	4774,25	5366,24	59.420	59.560	40.000	45.833	0.00	0.00	0.00	0.00	0.00	0.00	2.5200	3.9500	0.00	0.00	593	77.5
CM008439.1_75733067_75738733_C_CC_55	447	CM008439.1_75733067_75738733_C_CC_55	11.312040	5.579511	5.732528	cgggaataagtctaagcgaaaagaa	agcgtacctgtgtattatctgttcg	4774,25	5367,25	59.420	60.733	40.000	44.000	0.00	0.00	0.00	0.00	0.00	0.00	2.5200	3.9500	0.00	0.00	594	77.5
CM008439.1_240565818_240569848_+_CC_33	447	CM008439.1_240565818_240569848_+_CC_33	10.019615	5.579511	4.440103	cgggaataagtctaagcgaaaagaa	gcgtacctgtgtattatctgttcg	2903,25	3495,24	59.420	59.560	40.000	45.833	0.00	0.00	0.00	0.00	0.00	0.00	2.5200	3.9500	0.00	0.00	593	77.6
CM008439.1_240565818_240569848_+_CC_76	447	CM008439.1_240565818_240569848_+_CC_76	11.312040	5.579511	5.732528	cgggaataagtctaagcgaaaagaa	agcgtacctgtgtattatctgttcg	2903,25	3496,25	59.420	60.733	40.000	44.000	0.00	0.00	0.00	0.00	0.00	0.00	2.5200	3.9500	0.00	0.00	594	77.6
CM008433.1_28748552_28750140_C_CC_7	447	CM008433.1_28748552_28750140_C_CC_7	10.019615	5.579511	4.440103	cgggaataagtctaagcgaaaagaa	gcgtacctgtgtattatctgttcg	952,25	1544,24	59.420	59.560	40.000	45.833	0.00	0.00	0.00	0.00	0.00	0.00	2.5200	3.9500	0.00	0.00	593	77.6
CM008433.1_28748552_28750140_C_CC_41	447	CM008433.1_28748552_28750140_C_CC_41	11.312040	5.579511	5.732528	cgggaataagtctaagcgaaaagaa	agcgtacctgtgtattatctgttcg	952,25	1545,25	59.420	60.733	40.000	44.000	0.00	0.00	0.00	0.00	0.00	0.00	2.5200	3.9500	0.00	0.00	594	77.6
CM008442.1_51934855_51936033_C_CC_41	447	CM008442.1_51934855_51936033_C_CC_41	11.312040	5.579511	5.732528	cgggaataagtctaagcgaaaagaa	agcgtacctgtgtattatctgttcg	458,25	1051,25	59.420	60.733	40.000	44.000	0.00	0.00	0.00	0.00	0.00	0.00	2.5200	3.9500	0.00	0.00	594	77.7
CM008431.1_34380363_34381516_+_CC_7	447	CM008431.1_34380363_34381516_+_CC_7	10.019615	5.579511	4.440103	cgggaataagtctaagcgaaaagaa	gcgtacctgtgtattatctgttcg	291,25	882,24	59.420	59.560	40.000	45.833	0.00	0.00	0.00	0.00	0.00	0.00	2.5200	3.9500	0.00	0.00	592	77.9
CM008431.1_34380363_34381516_+_CC_41	447	CM008431.1_34380363_34381516_+_CC_41	11.312040	5.579511	5.732528	cgggaataagtctaagcgaaaagaa	agcgtacctgtgtattatctgttcg	291,25	883,25	59.420	60.733	40.000	44.000	0.00	0.00	0.00	0.00	0.00	0.00	2.5200	3.9500	0.00	0.00	593	77.9
MCIT02031253.1_1_1038_C_CC_7	447	MCIT02031253.1_1_1038_C_CC_7	10.019615	5.579511	4.440103	cgggaataagtctaagcgaaaagaa	gcgtacctgtgtattatctgttcg	450,25	1036,24	59.420	59.560	40.000	45.833	0.00	0.00	0.00	0.00	0.00	0.00	2.5200	3.9500	0.00	0.00	587	77.8
MCIT02031253.1_1_1038_C_CC_41	447	MCIT02031253.1_1_1038_C_CC_41	11.312040	5.579511	5.732528	cgggaataagtctaagcgaaaagaa	agcgtacctgtgtattatctgttcg	450,25	1037,25	59.420	60.733	40.000	44.000	0.00	0.00	0.00	0.00	0.00	0.00	2.5200	3.9500	0.00	0.00	588	77.8
NC_061117.1_168683531_168689523_C_CA_80	423	NC_061117.1_168683531_168689523_C_CA_80	9.025004	7.742556	1.282447	gtgaatatagttacggaggagtact	acgtctccttctagctctgga	5199,25	5770,21	57.257	59.718	40.000	52.381	0.00	0.00	0.00	0.00	0.00	0.00	2.7300	3.8600	0.00	0.00	572	80.5
MCIT02031568.1_1_1032_+_CC_85	423	MCIT02031568.1_1_1032_+_CC_85	9.025004	7.742556	1.282447	gtgaatatagttacggaggagtact	acgtctccttctagctctgga	429,25	1003,21	57.257	59.718	40.000	52.381	0.00	0.00	0.00	0.00	0.00	0.00	2.7300	3.8600	0.00	0.00	575	80.1
NW_025887009.1_21180_26545_C_CA_94	421	NW_025887009.1_21180_26545_C_CA_94	10.241363	7.742556	2.498807	gtgaatatagttacggaggagtact	gatcgacatagctctgcaca	4807,25	5345,20	57.257	57.501	40.000	50.000	0.00	0.00	0.00	0.00	0.00	0.00	2.7300	4.5700	0.00	0.00	539	80.3
NC_061117.1_168683531_168689523_C_CA_73	420	NC_061117.1_168683531_168689523_C_CA_73	8.919957	7.742556	1.177401	gtgaatatagttacggaggagtact	tcgacatagctctgcacact	5199,25	5732,20	57.257	58.823	40.000	50.000	0.00	0.00	0.00	0.00	0.00	0.00	2.7300	3.5500	0.00	0.00	534	80.0
NC_061121.1_178661238_178667093_+_CA_84	420	NC_061121.1_178661238_178667093_+_CA_84	8.919957	7.742556	1.177401	gtgaatatagttacggaggagtact	tcgacatagctctgcacact	5067,25	5603,20	57.257	58.823	40.000	50.000	0.00	0.00	0.00	0.00	0.00	0.00	2.7300	3.5500	0.00	0.00	537	79.9
NC_061111.1_200212978_200218760_+_CA_67	420	NC_061111.1_200212978_200218760_+_CA_67	8.919957	7.742556	1.177401	gtgaatatagttacggaggagtact	tcgacatagctctgcacact	5132,25	5668,20	57.257	58.823	40.000	50.000	0.00	0.00	0.00	0.00	0.00	0.00	2.7300	3.5500	0.00	0.00	537	80.1
NW_025887009.1_21180_26545_C_CA_30	420	NW_025887009.1_21180_26545_C_CA_30	8.919957	7.742556	1.177401	gtgaatatagttacggaggagtact	tcgacatagctctgcacact	4807,25	5343,20	57.257	58.823	40.000	50.000	0.00	0.00	0.00	0.00	0.00	0.00	2.7300	3.5500	0.00	0.00	537	80.2
NW_025887009.1_21180_26545_C_CA_72	420	NW_025887009.1_21180_26545_C_CA_72	9.958463	7.742556	2.215907	gtgaatatagttacggaggagtact	atcgacatagctctgcacac	4807,25	5344,20	57.257	57.784	40.000	50.000	0.00	0.00	0.00	0.00	0.00	0.00	2.7300	3.8200	0.00	0.00	538	80.2
CM008445.1_166279814_166280859_C_CB_88	420	CM008445.1_166279814_166280859_C_CB_88	8.919957	7.742556	1.177401	gtgaatatagttacggaggagtact	tcgacatagctctgcacact	324,25	860,20	57.257	58.823	40.000	50.000	0.00	0.00	0.00	0.00	0.00	0.00	2.7300	3.5500	0.00	0.00	537	79.9
CM008445.1_176307256_176308615_C_CB_53	420	CM008445.1_176307256_176308615_C_CB_53	8.919957	7.742556	1.177401	gtgaatatagttacggaggagtact	tcgacatagctctgcacact	566,25	1102,20	57.257	58.823	40.000	50.000	0.00	0.00	0.00	0.00	0.00	0.00	2.7300	3.5500	0.00	0.00	537	80.0
CM008437.1_91733614_91734958_C_CC_98	420	CM008437.1_91733614_91734958_C_CC_98	8.919957	7.742556	1.177401	gtgaatatagttacggaggagtact	tcgacatagctctgcacact	686,25	1222,20	57.257	58.823	40.000	50.000	0.00	0.00	0.00	0.00	0.00	0.00	2.7300	3.5500	0.00	0.00	537	79.9
CM008431.1_129787645_129790702_+_CC_91	420	CM008431.1_129787645_129790702_+_CC_91	8.919957	7.742556	1.177401	gtgaatatagttacggaggagtact	tcgacatagctctgcacact	2301,25	2836,20	57.257	58.823	40.000	50.000	0.00	0.00	0.00	0.00	0.00	0.00	2.7300	3.5500	0.00	0.00	536	79.7
NC_061117.1_168683531_168689523_C_CA_98	419	NC_061117.1_168683531_168689523_C_CA_98	9.496205	7.742556	1.753649	gtgaatatagttacggaggagtact	atcgacatagctctgcacact	5199,25	5733,21	57.257	59.246	40.000	47.619	0.00	0.00	0.00	0.00	0.00	0.00	2.7300	3.5500	0.00	0.00	535	80.0
NW_025887009.1_21180_26545_C_CA_56	419	NW_025887009.1_21180_26545_C_CA_56	9.496205	7.742556	1.753649	gtgaatatagttacggaggagtact	atcgacatagctctgcacact	4807,25	5344,21	57.257	59.246	40.000	47.619	0.00	0.00	0.00	0.00	0.00	0.00	2.7300	3.5500	0.00	0.00	538	80.2
NW_025887009.1_21180_26545_C_CA_69	419	NW_025887009.1_21180_26545_C_CA_69	9.865899	7.742556	2.123342	gtgaatatagttacggaggagtact	gatcgacatagctctgcacac	4807,25	5345,21	57.257	58.877	40.000	52.381	0.00	0.00	0.00	0.00	0.00	0.00	2.7300	3.8200	0.00	0.00	539	80.3
CM008445.1_176307256_176308615_C_CB_92	419	CM008445.1_176307256_176308615_C_CB_92	9.496205	7.742556	1.753649	gtgaatatagttacggaggagtact	atcgacatagctctgcacact	566,25	1103,21	57.257	59.246	40.000	47.619	0.00	0.00	0.00	0.00	0.00	0.00	2.7300	3.5500	0.00	0.00	538	80.0
NW_025887009.1_21180_26545_C_CA_74	418	NW_025887009.1_21180_26545_C_CA_74	9.966244	7.742556	2.223688	gtgaatatagttacggaggagtact	gatcgacatagctctgcacact	4807,25	5345,22	57.257	60.224	40.000	50.000	0.00	0.00	0.00	0.00	0.00	0.00	2.7300	3.5500	0.00	0.00	539	80.3
NW_025887009.1_21180_26545_C_CA_95	418	NW_025887009.1_21180_26545_C_CA_95	10.241363	7.742556	2.498807	agtgaatatagttacggaggagtac	gatcgacatagctctgcaca	4806,25	5345,20	57.257	57.501	40.000	50.000	0.00	0.00	0.00	0.00	0.00	0.00	2.7300	4.5700	0.00	0.00	540	80.3
NC_061117.1_168683531_168689523_C_CA_81	418	NC_061117.1_168683531_168689523_C_CA_81	9.025004	7.742556	1.282447	agtgaatatagttacggaggagtac	acgtctccttctagctctgga	5198,25	5770,21	57.257	59.718	40.000	52.381	0.00	0.00	0.00	0.00	0.00	0.00	2.7300	3.8600	0.00	0.00	573	80.4
MCIT02031568.1_1_1032_+_CC_86	418	MCIT02031568.1_1_1032_+_CC_86	9.025004	7.742556	1.282447	agtgaatatagttacggaggagtac	acgtctccttctagctctgga	428,25	1003,21	57.257	59.718	40.000	52.381	0.00	0.00	0.00	0.00	0.00	0.00	2.7300	3.8600	0.00	0.00	576	80.1
NC_061117.1_168683531_168689523_C_CA_74	417	NC_061117.1_168683531_168689523_C_CA_74	8.919957	7.742556	1.177401	agtgaatatagttacggaggagtac	tcgacatagctctgcacact	5198,25	5732,20	57.257	58.823	40.000	50.000	0.00	0.00	0.00	0.00	0.00	0.00	2.7300	3.5500	0.00	0.00	535	80.0
NC_061121.1_178661238_178667093_+_CA_85	417	NC_061121.1_178661238_178667093_+_CA_85	8.919957	7.742556	1.177401	agtgaatatagttacggaggagtac	tcgacatagctctgcacact	5066,25	5603,20	57.257	58.823	40.000	50.000	0.00	0.00	0.00	0.00	0.00	0.00	2.7300	3.5500	0.00	0.00	538	79.9
NC_061111.1_200212978_200218760_+_CA_68	417	NC_061111.1_200212978_200218760_+_CA_68	8.919957	7.742556	1.177401	agtgaatatagttacggaggagtac	tcgacatagctctgcacact	5131,25	5668,20	57.257	58.823	40.000	50.000	0.00	0.00	0.00	0.00	0.00	0.00	2.7300	3.5500	0.00	0.00	538	80.1
NW_025887009.1_21180_26545_C_CA_31	417	NW_025887009.1_21180_26545_C_CA_31	8.919957	7.742556	1.177401	agtgaatatagttacggaggagtac	tcgacatagctctgcacact	4806,25	5343,20	57.257	58.823	40.000	50.000	0.00	0.00	0.00	0.00	0.00	0.00	2.7300	3.5500	0.00	0.00	538	80.2
NW_025887009.1_21180_26545_C_CA_73	417	NW_025887009.1_21180_26545_C_CA_73	9.958463	7.742556	2.215907	agtgaatatagttacggaggagtac	atcgacatagctctgcacac	4806,25	5344,20	57.257	57.784	40.000	50.000	0.00	0.00	0.00	0.00	0.00	0.00	2.7300	3.8200	0.00	0.00	539	80.2
CM008445.1_166279814_166280859_C_CB_89	417	CM008445.1_166279814_166280859_C_CB_89	8.919957	7.742556	1.177401	agtgaatatagttacggaggagtac	tcgacatagctctgcacact	323,25	860,20	57.257	58.823	40.000	50.000	0.00	0.00	0.00	0.00	0.00	0.00	2.7300	3.5500	0.00	0.00	538	79.8
CM008445.1_176307256_176308615_C_CB_54	417	CM008445.1_176307256_176308615_C_CB_54	8.919957	7.742556	1.177401	agtgaatatagttacggaggagtac	tcgacatagctctgcacact	565,25	1102,20	57.257	58.823	40.000	50.000	0.00	0.00	0.00	0.00	0.00	0.00	2.7300	3.5500	0.00	0.00	538	80.0
CM008437.1_91733614_91734958_C_CC_99	417	CM008437.1_91733614_91734958_C_CC_99	8.919957	7.742556	1.177401	agtgaatatagttacggaggagtac	tcgacatagctctgcacact	685,25	1222,20	57.257	58.823	40.000	50.000	0.00	0.00	0.00	0.00	0.00	0.00	2.7300	3.5500	0.00	0.00	538	79.9
CM008431.1_129787645_129790702_+_CC_92	417	CM008431.1_129787645_129790702_+_CC_92	8.919957	7.742556	1.177401	agtgaatatagttacggaggagtac	tcgacatagctctgcacact	2300,25	2836,20	57.257	58.823	40.000	50.000	0.00	0.00	0.00	0.00	0.00	0.00	2.7300	3.5500	0.00	0.00	537	79.6
NC_061117.1_168683531_168689523_C_CA_99	416	NC_061117.1_168683531_168689523_C_CA_99	9.496205	7.742556	1.753649	agtgaatatagttacggaggagtac	atcgacatagctctgcacact	5198,25	5733,21	57.257	59.246	40.000	47.619	0.00	0.00	0.00	0.00	0.00	0.00	2.7300	3.5500	0.00	0.00	536	80.0
NW_025887009.1_21180_26545_C_CA_57	416	NW_025887009.1_21180_26545_C_CA_57	9.496205	7.742556	1.753649	agtgaatatagttacggaggagtac	atcgacatagctctgcacact	4806,25	5344,21	57.257	59.246	40.000	47.619	0.00	0.00	0.00	0.00	0.00	0.00	2.7300	3.5500	0.00	0.00	539	80.2
NW_025887009.1_21180_26545_C_CA_70	416	NW_025887009.1_21180_26545_C_CA_70	9.865899	7.742556	2.123342	agtgaatatagttacggaggagtac	gatcgacatagctctgcacac	4806,25	5345,21	57.257	58.877	40.000	52.381	0.00	0.00	0.00	0.00	0.00	0.00	2.7300	3.8200	0.00	0.00	540	80.3
CM008445.1_176307256_176308615_C_CB_93	416	CM008445.1_176307256_176308615_C_CB_93	9.496205	7.742556	1.753649	agtgaatatagttacggaggagtac	atcgacatagctctgcacact	565,25	1103,21	57.257	59.246	40.000	47.619	0.00	0.00	0.00	0.00	0.00	0.00	2.7300	3.5500	0.00	0.00	539	80.0
NC_061118.1_27034629_27036440_C_CA_79	416	NC_061118.1_27034629_27036440_C_CA_79	9.026892	5.105635	3.921257	tcgggaataagtctaagcgaaaaga	gttaaccaccagcgtacct	665,25	1260,19	60.106	57.079	40.000	52.632	0.00	0.00	0.00	0.00	0.00	0.00	2.5200	3.0800	0.00	0.00	596	77.9
NC_061118.1_27034629_27036440_C_CA_80	416	NC_061118.1_27034629_27036440_C_CA_80	9.028390	5.107133	3.921257	cgggaataagtctaagcgaaaaga	gttaaccaccagcgtacct	666,24	1260,19	58.893	57.079	41.667	52.632	0.00	0.00	0.00	0.00	0.00	0.00	2.5200	3.0800	0.00	0.00	595	77.9
NC_061114.1_207830375_207836264_C_CA_11	416	NC_061114.1_207830375_207836264_C_CA_11	9.028390	5.107133	3.921257	cgggaataagtctaagcgaaaaga	gttaaccaccagcgtacct	4790,24	5389,19	58.893	57.079	41.667	52.632	0.00	0.00	0.00	0.00	0.00	0.00	2.5200	3.0800	0.00	0.00	600	77.8
NC_061113.1_111986687_111992557_C_CA_11	416	NC_061113.1_111986687_111992557_C_CA_11	9.028390	5.107133	3.921257	cgggaataagtctaagcgaaaaga	gttaaccaccagcgtacct	4764,24	5363,19	58.893	57.079	41.667	52.632	0.00	0.00	0.00	0.00	0.00	0.00	2.5200	3.0800	0.00	0.00	600	77.8
NW_025887009.1_21180_26545_C_CA_43	415	NW_025887009.1_21180_26545_C_CA_43	9.160162	7.982761	1.177401	ctagtgaatatagttacggaggagt	tcgacatagctctgcacact	4804,25	5343,20	57.017	58.823	40.000	50.000	0.00	0.00	0.00	0.00	0.00	0.00	3.8500	3.5500	0.00	0.00	540	80.3
NW_025887009.1_21180_26545_C_CA_75	415	NW_025887009.1_21180_26545_C_CA_75	9.966244	7.742556	2.223688	agtgaatatagttacggaggagtac	gatcgacatagctctgcacact	4806,25	5345,22	57.257	60.224	40.000	50.000	0.00	0.00	0.00	0.00	0.00	0.00	2.7300	3.5500	0.00	0.00	540	80.3
NW_025887009.1_21180_26545_C_CA_90	415	NW_025887009.1_21180_26545_C_CA_90	10.198668	7.982761	2.215907	ctagtgaatatagttacggaggagt	atcgacatagctctgcacac	4804,25	5344,20	57.017	57.784	40.000	50.000	0.00	0.00	0.00	0.00	0.00	0.00	3.8500	3.8200	0.00	0.00	541	80.2
CM008445.1_176307256_176308615_C_CB_69	415	CM008445.1_176307256_176308615_C_CB_69	9.160162	7.982761	1.177401	ctagtgaatatagttacggaggagt	tcgacatagctctgcacact	563,25	1102,20	57.017	58.823	40.000	50.000	0.00	0.00	0.00	0.00	0.00	0.00	3.8500	3.5500	0.00	0.00	540	80.0
NW_025887009.1_21180_26545_C_CA_65	414	NW_025887009.1_21180_26545_C_CA_65	9.736410	7.982761	1.753649	ctagtgaatatagttacggaggagt	atcgacatagctctgcacact	4804,25	5344,21	57.017	59.246	40.000	47.619	0.00	0.00	0.00	0.00	0.00	0.00	3.8500	3.5500	0.00	0.00	541	80.2
NW_025887009.1_21180_26545_C_CA_81	414	NW_025887009.1_21180_26545_C_CA_81	10.106104	7.982761	2.123342	ctagtgaatatagttacggaggagt	gatcgacatagctctgcacac	4804,25	5345,21	57.017	58.877	40.000	52.381	0.00	0.00	0.00	0.00	0.00	0.00	3.8500	3.8200	0.00	0.00	542	80.3
NC_061114.1_20898163_20899172_C_CA_91	413	NC_061114.1_20898163_20899172_C_CA_91	8.877843	7.742556	1.135286	gtgaatatagttacggaggagtact	tcgacatagctctgcacactg	419,25	955,21	57.257	60.135	40.000	52.381	0.00	0.00	0.00	0.00	0.00	0.00	2.7300	3.6600	0.00	0.00	537	79.9
NC_061117.1_168683531_168689523_C_CA_71	413	NC_061117.1_168683531_168689523_C_CA_71	8.877843	7.742556	1.135286	gtgaatatagttacggaggagtact	tcgacatagctctgcacactg	5199,25	5732,21	57.257	60.135	40.000	52.381	0.00	0.00	0.00	0.00	0.00	0.00	2.7300	3.6600	0.00	0.00	534	80.0
NC_061117.1_168683531_168689523_C_CA_77	413	NC_061117.1_168683531_168689523_C_CA_77	9.018061	7.742556	1.275505	gtgaatatagttacggaggagtact	cgacatagctctgcacactg	5199,25	5731,20	57.257	58.724	40.000	55.000	0.00	0.00	0.00	0.00	0.00	0.00	2.7300	3.6600	0.00	0.00	533	80.0
NC_061121.1_178661238_178667093_+_CA_79	413	NC_061121.1_178661238_178667093_+_CA_79	8.877843	7.742556	1.135286	gtgaatatagttacggaggagtact	tcgacatagctctgcacactg	5067,25	5603,21	57.257	60.135	40.000	52.381	0.00	0.00	0.00	0.00	0.00	0.00	2.7300	3.6600	0.00	0.00	537	79.9
NC_061121.1_178661238_178667093_+_CA_99	413	NC_061121.1_178661238_178667093_+_CA_99	9.018061	7.742556	1.275505	gtgaatatagttacggaggagtact	cgacatagctctgcacactg	5067,25	5602,20	57.257	58.724	40.000	55.000	0.00	0.00	0.00	0.00	0.00	0.00	2.7300	3.6600	0.00	0.00	536	80.0
NC_061120.1_56577108_56582984_+_CA_91	413	NC_061120.1_56577108_56582984_+_CA_91	8.877843	7.742556	1.135286	gtgaatatagttacggaggagtact	tcgacatagctctgcacactg	5088,25	5624,21	57.257	60.135	40.000	52.381	0.00	0.00	0.00	0.00	0.00	0.00	2.7300	3.6600	0.00	0.00	537	79.6
NC_061111.1_200212978_200218760_+_CA_64	413	NC_061111.1_200212978_200218760_+_CA_64	8.877843	7.742556	1.135286	gtgaatatagttacggaggagtact	tcgacatagctctgcacactg	5132,25	5668,21	57.257	60.135	40.000	52.381	0.00	0.00	0.00	0.00	0.00	0.00	2.7300	3.6600	0.00	0.00	537	80.1
NC_061111.1_200212978_200218760_+_CA_79	413	NC_061111.1_200212978_200218760_+_CA_79	9.018061	7.742556	1.275505	gtgaatatagttacggaggagtact	cgacatagctctgcacactg	5132,25	5667,20	57.257	58.724	40.000	55.000	0.00	0.00	0.00	0.00	0.00	0.00	2.7300	3.6600	0.00	0.00	536	80.1
NC_061119.1_59222559_59228445_+_CA_91	413	NC_061119.1_59222559_59228445_+_CA_91	8.877843	7.742556	1.135286	gtgaatatagttacggaggagtact	tcgacatagctctgcacactg	5100,25	5634,21	57.257	60.135	40.000	52.381	0.00	0.00	0.00	0.00	0.00	0.00	2.7300	3.6600	0.00	0.00	535	79.8
NW_025887009.1_21180_26545_C_CA_27	413	NW_025887009.1_21180_26545_C_CA_27	8.877843	7.742556	1.135286	gtgaatatagttacggaggagtact	tcgacatagctctgcacactg	4807,25	5343,21	57.257	60.135	40.000	52.381	0.00	0.00	0.00	0.00	0.00	0.00	2.7300	3.6600	0.00	0.00	537	80.2
NW_025887009.1_21180_26545_C_CA_34	413	NW_025887009.1_21180_26545_C_CA_34	9.018061	7.742556	1.275505	gtgaatatagttacggaggagtact	cgacatagctctgcacactg	4807,25	5342,20	57.257	58.724	40.000	55.000	0.00	0.00	0.00	0.00	0.00	0.00	2.7300	3.6600	0.00	0.00	536	80.3
NW_025887009.1_21180_26545_C_CA_91	413	NW_025887009.1_21180_26545_C_CA_91	10.206449	7.982761	2.223688	ctagtgaatatagttacggaggagt	gatcgacatagctctgcacact	4804,25	5345,22	57.017	60.224	40.000	50.000	0.00	0.00	0.00	0.00	0.00	0.00	3.8500	3.5500	0.00	0.00	542	80.3
